Count,SampleID,GH_Family
3,ERR1877734,GH101
7,ERR1877734,GH102
13,ERR1877734,GH103
6,ERR1877734,GH105
7,ERR1877734,GH116
340,ERR1877734,GH13
1,ERR1877734,GH130
42,ERR1877734,GH15
2,ERR1877734,GH16
36,ERR1877734,GH18
6,ERR1877734,GH19
23,ERR1877734,GH20
38,ERR1877734,GH23
19,ERR1877734,GH26
26,ERR1877734,GH29
128,ERR1877734,GH3
27,ERR1877734,GH30
79,ERR1877734,GH31
16,ERR1877734,GH32
17,ERR1877734,GH33
3,ERR1877734,GH37
34,ERR1877734,GH38
7,ERR1877734,GH39
23,ERR1877734,GH43
1,ERR1877734,GH47
125,ERR1877734,GH5
36,ERR1877734,GH51
2,ERR1877734,GH52
6,ERR1877734,GH54
15,ERR1877734,GH57
7,ERR1877734,GH6
3,ERR1877734,GH63
26,ERR1877734,GH65
2,ERR1877734,GH66
1,ERR1877734,GH68
48,ERR1877734,GH77
11,ERR1877734,GH8
2,ERR1877734,GH88
117,ERR1877734,GH9
17,ERR1877734,GH94
17,ERR1877734,GH95
2,ERR1877734,GH97
1,ERR1877734,GH99
9,ERR1877786,GH101
16,ERR1877786,GH102
26,ERR1877786,GH103
11,ERR1877786,GH105
8,ERR1877786,GH116
1,ERR1877786,GH121
576,ERR1877786,GH13
5,ERR1877786,GH130
52,ERR1877786,GH15
2,ERR1877786,GH16
86,ERR1877786,GH18
16,ERR1877786,GH19
43,ERR1877786,GH20
87,ERR1877786,GH23
28,ERR1877786,GH26
3,ERR1877786,GH28
61,ERR1877786,GH29
173,ERR1877786,GH3
27,ERR1877786,GH30
130,ERR1877786,GH31
25,ERR1877786,GH32
36,ERR1877786,GH33
12,ERR1877786,GH37
60,ERR1877786,GH38
9,ERR1877786,GH39
44,ERR1877786,GH43
6,ERR1877786,GH47
227,ERR1877786,GH5
62,ERR1877786,GH51
7,ERR1877786,GH54
27,ERR1877786,GH57
12,ERR1877786,GH6
2,ERR1877786,GH63
32,ERR1877786,GH65
6,ERR1877786,GH66
5,ERR1877786,GH68
1,ERR1877786,GH73
63,ERR1877786,GH77
15,ERR1877786,GH8
18,ERR1877786,GH88
215,ERR1877786,GH9
55,ERR1877786,GH94
31,ERR1877786,GH95
2,ERR1877786,GH97
2,ERR1877786,GH99
8,SRR12376370,GH1
22,SRR12376370,GH101
138,SRR12376370,GH102
227,SRR12376370,GH103
26,SRR12376370,GH105
61,SRR12376370,GH116
1,SRR12376370,GH12
7,SRR12376370,GH121
4015,SRR12376370,GH13
21,SRR12376370,GH130
1,SRR12376370,GH14
435,SRR12376370,GH15
8,SRR12376370,GH16
399,SRR12376370,GH18
43,SRR12376370,GH19
297,SRR12376370,GH20
502,SRR12376370,GH23
80,SRR12376370,GH26
9,SRR12376370,GH27
4,SRR12376370,GH28
337,SRR12376370,GH29
1460,SRR12376370,GH3
158,SRR12376370,GH30
916,SRR12376370,GH31
116,SRR12376370,GH32
229,SRR12376370,GH33
134,SRR12376370,GH37
341,SRR12376370,GH38
80,SRR12376370,GH39
2,SRR12376370,GH4
314,SRR12376370,GH43
12,SRR12376370,GH47
1134,SRR12376370,GH5
374,SRR12376370,GH51
1,SRR12376370,GH52
63,SRR12376370,GH54
160,SRR12376370,GH57
8,SRR12376370,GH59
74,SRR12376370,GH6
10,SRR12376370,GH63
304,SRR12376370,GH65
42,SRR12376370,GH66
6,SRR12376370,GH68
11,SRR12376370,GH73
2,SRR12376370,GH74
573,SRR12376370,GH77
54,SRR12376370,GH8
3,SRR12376370,GH82
1,SRR12376370,GH84
45,SRR12376370,GH88
1066,SRR12376370,GH9
317,SRR12376370,GH94
146,SRR12376370,GH95
1,SRR12376370,GH97
10,SRR12376370,GH99
5,SRR12376371,GH1
39,SRR12376371,GH101
162,SRR12376371,GH102
217,SRR12376371,GH103
57,SRR12376371,GH105
31,SRR12376371,GH116
5,SRR12376371,GH121
1,SRR12376371,GH127
7687,SRR12376371,GH13
70,SRR12376371,GH130
1,SRR12376371,GH14
305,SRR12376371,GH15
13,SRR12376371,GH16
473,SRR12376371,GH18
88,SRR12376371,GH19
1,SRR12376371,GH2
284,SRR12376371,GH20
717,SRR12376371,GH23
162,SRR12376371,GH26
6,SRR12376371,GH27
5,SRR12376371,GH28
332,SRR12376371,GH29
1318,SRR12376371,GH3
116,SRR12376371,GH30
1688,SRR12376371,GH31
243,SRR12376371,GH32
256,SRR12376371,GH33
4,SRR12376371,GH36
259,SRR12376371,GH37
664,SRR12376371,GH38
99,SRR12376371,GH39
8,SRR12376371,GH4
447,SRR12376371,GH43
20,SRR12376371,GH47
2,SRR12376371,GH48
1437,SRR12376371,GH5
533,SRR12376371,GH51
6,SRR12376371,GH52
16,SRR12376371,GH54
250,SRR12376371,GH57
5,SRR12376371,GH59
99,SRR12376371,GH6
27,SRR12376371,GH63
522,SRR12376371,GH65
45,SRR12376371,GH66
27,SRR12376371,GH68
8,SRR12376371,GH73
3,SRR12376371,GH74
920,SRR12376371,GH77
2,SRR12376371,GH79
61,SRR12376371,GH8
9,SRR12376371,GH82
6,SRR12376371,GH84
84,SRR12376371,GH88
1380,SRR12376371,GH9
694,SRR12376371,GH94
238,SRR12376371,GH95
18,SRR12376371,GH97
14,SRR12376371,GH99
3,SRR4027993,GH1
11,SRR4027993,GH101
67,SRR4027993,GH102
150,SRR4027993,GH103
29,SRR4027993,GH105
16,SRR4027993,GH116
1605,SRR4027993,GH13
7,SRR4027993,GH130
1,SRR4027993,GH14
114,SRR4027993,GH15
1,SRR4027993,GH16
75,SRR4027993,GH18
15,SRR4027993,GH19
135,SRR4027993,GH20
213,SRR4027993,GH23
22,SRR4027993,GH26
1,SRR4027993,GH28
176,SRR4027993,GH29
439,SRR4027993,GH3
64,SRR4027993,GH30
427,SRR4027993,GH31
26,SRR4027993,GH32
45,SRR4027993,GH33
51,SRR4027993,GH37
47,SRR4027993,GH38
10,SRR4027993,GH39
152,SRR4027993,GH43
16,SRR4027993,GH47
252,SRR4027993,GH5
179,SRR4027993,GH51
1,SRR4027993,GH52
4,SRR4027993,GH54
53,SRR4027993,GH57
1,SRR4027993,GH59
6,SRR4027993,GH6
6,SRR4027993,GH63
58,SRR4027993,GH65
10,SRR4027993,GH66
3,SRR4027993,GH68
1,SRR4027993,GH73
2,SRR4027993,GH74
192,SRR4027993,GH77
17,SRR4027993,GH8
24,SRR4027993,GH88
246,SRR4027993,GH9
427,SRR4027993,GH94
67,SRR4027993,GH95
15,SRR4027993,GH97
3,SRR4027993,GH99
42,SRR4027994,GH1
127,SRR4027994,GH101
679,SRR4027994,GH102
1569,SRR4027994,GH103
397,SRR4027994,GH105
340,SRR4027994,GH116
24,SRR4027994,GH121
10,SRR4027994,GH127
21795,SRR4027994,GH13
249,SRR4027994,GH130
6,SRR4027994,GH14
1458,SRR4027994,GH15
76,SRR4027994,GH16
1,SRR4027994,GH17
1618,SRR4027994,GH18
284,SRR4027994,GH19
2,SRR4027994,GH2
1748,SRR4027994,GH20
2748,SRR4027994,GH23
527,SRR4027994,GH26
20,SRR4027994,GH27
19,SRR4027994,GH28
2636,SRR4027994,GH29
6354,SRR4027994,GH3
1031,SRR4027994,GH30
5712,SRR4027994,GH31
744,SRR4027994,GH32
1025,SRR4027994,GH33
9,SRR4027994,GH36
586,SRR4027994,GH37
1301,SRR4027994,GH38
205,SRR4027994,GH39
10,SRR4027994,GH4
2173,SRR4027994,GH43
161,SRR4027994,GH47
1,SRR4027994,GH48
5090,SRR4027994,GH5
2785,SRR4027994,GH51
31,SRR4027994,GH52
162,SRR4027994,GH54
872,SRR4027994,GH57
41,SRR4027994,GH59
221,SRR4027994,GH6
57,SRR4027994,GH63
972,SRR4027994,GH65
153,SRR4027994,GH66
82,SRR4027994,GH68
2,SRR4027994,GH7
22,SRR4027994,GH73
35,SRR4027994,GH74
4,SRR4027994,GH76
2925,SRR4027994,GH77
259,SRR4027994,GH8
7,SRR4027994,GH82
10,SRR4027994,GH84
355,SRR4027994,GH88
4893,SRR4027994,GH9
5266,SRR4027994,GH94
1235,SRR4027994,GH95
118,SRR4027994,GH97
44,SRR4027994,GH99
63,SRR908273,GH1
8,SRR908273,GH101
62,SRR908273,GH102
131,SRR908273,GH103
75,SRR908273,GH105
4,SRR908273,GH116
11,SRR908273,GH121
1,SRR908273,GH127
1262,SRR908273,GH13
5,SRR908273,GH130
30,SRR908273,GH15
33,SRR908273,GH16
6,SRR908273,GH17
129,SRR908273,GH18
55,SRR908273,GH19
2,SRR908273,GH2
142,SRR908273,GH20
206,SRR908273,GH23
67,SRR908273,GH26
2,SRR908273,GH28
143,SRR908273,GH29
524,SRR908273,GH3
35,SRR908273,GH30
552,SRR908273,GH31
79,SRR908273,GH32
34,SRR908273,GH33
12,SRR908273,GH36
41,SRR908273,GH37
79,SRR908273,GH38
4,SRR908273,GH39
3,SRR908273,GH4
258,SRR908273,GH43
8,SRR908273,GH47
1,SRR908273,GH48
388,SRR908273,GH5
217,SRR908273,GH51
11,SRR908273,GH54
16,SRR908273,GH57
42,SRR908273,GH6
11,SRR908273,GH63
50,SRR908273,GH65
11,SRR908273,GH66
7,SRR908273,GH68
4,SRR908273,GH7
4,SRR908273,GH73
3,SRR908273,GH74
117,SRR908273,GH77
3,SRR908273,GH79
18,SRR908273,GH8
1,SRR908273,GH84
31,SRR908273,GH88
370,SRR908273,GH9
193,SRR908273,GH94
134,SRR908273,GH95
28,SRR908273,GH97
50,SRR908275,GH1
10,SRR908275,GH101
46,SRR908275,GH102
119,SRR908275,GH103
49,SRR908275,GH105
10,SRR908275,GH116
1,SRR908275,GH12
36,SRR908275,GH121
1522,SRR908275,GH13
16,SRR908275,GH130
1,SRR908275,GH14
52,SRR908275,GH15
34,SRR908275,GH16
5,SRR908275,GH17
251,SRR908275,GH18
45,SRR908275,GH19
4,SRR908275,GH2
205,SRR908275,GH20
237,SRR908275,GH23
116,SRR908275,GH26
2,SRR908275,GH28
266,SRR908275,GH29
635,SRR908275,GH3
36,SRR908275,GH30
756,SRR908275,GH31
117,SRR908275,GH32
51,SRR908275,GH33
14,SRR908275,GH36
44,SRR908275,GH37
89,SRR908275,GH38
14,SRR908275,GH39
392,SRR908275,GH43
4,SRR908275,GH47
713,SRR908275,GH5
317,SRR908275,GH51
2,SRR908275,GH52
17,SRR908275,GH54
32,SRR908275,GH57
3,SRR908275,GH59
48,SRR908275,GH6
12,SRR908275,GH63
93,SRR908275,GH65
29,SRR908275,GH66
14,SRR908275,GH68
7,SRR908275,GH73
9,SRR908275,GH74
163,SRR908275,GH77
4,SRR908275,GH79
13,SRR908275,GH8
33,SRR908275,GH88
664,SRR908275,GH9
202,SRR908275,GH94
219,SRR908275,GH95
23,SRR908275,GH97
